lat;lon;ele;name;habitat;zone;region
60.568523984402418;7.575701968744397;1192.838501;FI-L-HE-1;HE;L;Finse
60.568881975486875;7.581654964014888;1233.344482;FI-L-HE-2;HE;L;Finse
60.575801990926266;7.576818019151688;1228.8076169999999;FI-L-HE-3;HE;L;Finse
60.574735980480909;7.568375011906028;1171.245361;FI-L-HE-4;HE;L;Finse
60.572204980999231;7.560643963515759;1168.6483149999999;FI-L-HE-5;HE;L;Finse
60.583576038479805;7.569928010925651;1228.239746;FI-L-HE-6;HE;L;Finse
60.571488998830318;7.57907903753221;1231.643677;FI-L-HU-1;HU;L;Finse
60.572708984836936;7.56547998636961;1170.849487;FI-L-HU-2;HU;L;Finse
60.571425966918468;7.553371991962194;1200.4832759999999;FI-L-HU-3;HU;L;Finse
60.573524963110685;7.553639961406589;1217.381836;FI-L-HU-4;HU;L;Finse
60.567307015880942;7.56339599378407;1194.494629;FI-L-HU-5;HU;L;Finse
60.583172030746937;7.564008962363005;1200.9620359999999;FI-L-HU-6;HU;L;Finse
60.571458991616964;7.570230010896921;1184.1240230000001;FI-L-SN-1;SN;L;Finse
60.573506020009518;7.577167041599751;1219.924072;FI-L-SN-2;SN;L;Finse
60.577392037957907;7.566362014040351;1189.3862300000001;FI-L-SN-3;SN;L;Finse
60.572542017325759;7.546282997354865;1231.103394;FI-L-SN-4;SN;L;Finse
60.571070993319154;7.547946972772479;1235.8773189999999;FI-L-SN-5;SN;L;Finse
60.569480024278164;7.556787030771375;1202.084717;FI-L-SN-6;SN;L;Finse
60.614251038059592;7.437024973332882;1280.173096;FI-M-HU-1;HU;M;Finse
60.61487297527492;7.44520403444767;1303.387573;FI-M-HU-2;HU;M;Finse
60.611994965001941;7.453145971521735;1315.8752440000001;FI-M-HU-3;HU;M;Finse
60.611045965924859;7.456902991980314;1350.3773189999999;FI-M-HU-4;HU;M;Finse
60.60790903866291;7.458973992615938;1346.5844729999999;FI-M-HU-5;HU;M;Finse
60.610268041491508;7.464101035147905;1395.6416019999999;FI-M-HU-6;HU;M;Finse
60.616050967946649;7.438757009804249;1327.9887699999999;FI-M-SN-1;SN;M;Finse
60.61641700565815;7.433556038886309;1323.9636230000001;FI-M-SN-2;SN;M;Finse
60.616782959550619;7.448720997199416;1367.259155;FI-M-SN-3;SN;M;Finse
60.614887978881598;7.451892960816622;1331.169312;FI-M-SN-4;SN;M;Finse
60.609117038547993;7.451744014397264;1296.4228519999999;FI-M-SN-5;SN;M;Finse
60.606382023543119;7.465834999457002;1375.2100829999999;FI-M-SN-6;SN;M;Finse
65.181351006031036;14.253053013235331;869.77465800000004;RE-L-HE-1;HE;L;Reinfjella
65.182288018986583;14.246501969173551;857.71081500000003;RE-L-HE-2;HE;L;Reinfjella
65.190851977095008;14.228824032470584;868.02508499999999;RE-L-HE-3;HE;L;Reinfjella
65.193278035148978;14.25541796721518;846.17108199999996;RE-L-HE-4;HE;L;Reinfjella
65.199098009616137;14.278501980006695;849.40948500000002;RE-L-HE-5;HE;L;Reinfjella
65.187586974352598;14.232121976092458;839.39898700000003;RE-L-HE-6;HE;L;Reinfjella
65.183051023632288;14.23902103677392;836.19598399999995;RE-L-HU-1;HU;L;Reinfjella
65.185781009495258;14.224624028429389;851.67138699999998;RE-L-HU-2;HU;L;Reinfjella
65.190154016017914;14.24061200581491;830.49627699999996;RE-L-HU-3;HU;L;Reinfjella
65.196236008778214;14.272161992266774;812.48358199999996;RE-L-HU-4;HU;L;Reinfjella
65.199146959930658;14.271764019504189;871.02539100000001;RE-L-HU-5;HU;L;Reinfjella
65.196564998477697;14.27814700640738;811.20190400000001;RE-L-HU-6;HU;L;Reinfjella
65.179237006232142;14.233269961550832;887.27551300000005;RE-L-SN-1;SN;L;Reinfjella
65.177472028881311;14.243681961670518;912.46234100000004;RE-L-SN-2;SN;L;Reinfjella
65.178442988544703;14.250938007608056;906.84069799999997;RE-L-SN-3;SN;L;Reinfjella
65.191909018903971;14.248084975406528;843.79864499999996;RE-L-SN-4;SN;L;Reinfjella
65.194357959553599;14.262471003457904;839.11230499999999;RE-L-SN-5;SN;L;Reinfjella
65.18675297498703;14.237871039658785;829.63574200000005;RE-L-SN-6;SN;L;Reinfjella
65.219213990494609;14.181359997019172;1031.158203;RE-M-HU-1;HU;M;Reinfjella
65.21373700350523;14.185446007177234;1038.704712;RE-M-HU-2;HU;M;Reinfjella
65.212309984490275;14.193806033581495;998.35412599999995;RE-M-HU-3;HU;M;Reinfjella
65.20987001247704;14.193299012258649;1001.050293;RE-M-HU-4;HU;M;Reinfjella
65.207382012158632;14.196068979799747;1000.2117919999999;R;HU;M;Reinfjella
65.199001030996442;14.164988966658711;1053.880249;RE-M-HU-6;HU;M;Reinfjella
65.222240025177598;14.176080990582705;1081.5942379999999;RE-M-SN-1;SN;M;Reinfjella
65.214774012565613;14.193762028589845;1026.303467;RE-M-SN-2;SN;M;Reinfjella
65.205338001251221;14.191429009661078;1021.9976809999999;RE-M-SN-3;SN;M;Reinfjella
65.203858008608222;14.184056958183646;1035.2883300000001;RE-M-SN-4;SN;M;Reinfjella
65.202528974041343;14.177864994853735;1046.327393;RE-M-SN-5;SN;M;Reinfjella
65.200145998969674;14.170135958120227;1051.6130370000001;RE-M-SN-6;SN;M;Reinfjella
62.275171000510454;9.426726009696722;1178.75415;SN-L-HE-1;HE;L;Snoheim
62.271968023851514;9.426476983353496;1149.2772219999999;SN-L-HE-2;HE;L;Snoheim
62.273117015138268;9.419427970424295;1162.0257570000001;SN-L-HE-3;HE;L;Snoheim
62.26772602647543;9.410956967622042;1157.057861;SN-L-HE-4;HE;L;Snoheim
62.27273304015398;9.431048976257443;1160.931885;SN-L-HE-5;HE;L;Snoheim
62.276441026479006;9.427448026835918;1178.541504;SN-L-HE-6;HE;L;Snoheim
62.280636001378298;9.422931019216776;1217.88562;SN-L-HU-1;HU;L;Snoheim
62.285869996994734;9.415994994342327;1264.436768;SN-L-HU-2;HU;L;Snoheim
62.286059008911252;9.410086004063487;1276.85376;SN-L-HU-3;HU;L;Snoheim
62.286938019096851;9.40326196141541;1298.010376;SN-L-HU-4;HU;L;Snoheim
62.288443995639682;9.401100017130375;1313.719116;SN-L-HU-5;HU;L;Snoheim
62.284472985193133;9.403253998607397;1268.0977780000001;SN-L-HU-6;HU;L;Snoheim
62.275812970474362;9.418376041576266;1189.6019289999999;SN-L-SN-1;SN;L;Snoheim
62.277659000828862;9.417278012260795;1187.830322;SN-L-SN-2;SN;L;Snoheim
62.280544973909855;9.413974033668637;1218.4121090000001;SN-L-SN-3;SN;L;Snoheim
62.272244961932302;9.413238018751144;1149.065186;SN-L-SN-4;SN;L;Snoheim
62.27251703850925;9.404402989894152;1194.5686040000001;SN-L-SN-5;SN;L;Snoheim
62.269612960517406;9.41301598213613;1181.0764160000001;SN-L-SN-6;SN;L;Snoheim
62.300009010359645;9.399436041712761;1413.6191409999999;SN-M-HU-1;HU;M;Snoheim
62.304042968899012;9.398516966030002;1420.997803;SN-M-HU-2;HU;M;Snoheim
62.306713024154305;9.400512026622891;1423.9698490000001;SN-M-HU-3;HU;M;Snoheim
62.307628998532891;9.406321020796895;1395.8507079999999;SN-M-HU-4;HU;M;Snoheim
62.300762962549925;9.424229962751269;1355.1557620000001;SN-M-HU-5;HU;M;Snoheim
62.3058429826051;9.425543993711472;1371.4204099999999;SN-M-HU-6;HU;M;Snoheim
62.29858098551631;9.391542971134186;1433.7044679999999;SN-M-SN-1;SN;M;Snoheim
62.301842970773578;9.39761096611619;1424.909668;SN-M-SN-2;SN;M;Snoheim
62.309233965352178;9.402947975322604;1410.2857670000001;SN-M-SN-3;SN;M;Snoheim
62.302777972072363;9.414662020280957;1389.5942379999999;SN-M-SN-4;SN;M;Snoheim
62.30253498069942;9.419957958161831;1384.3901370000001;SN-M-SN-5;SN;M;Snoheim
62.304351003840566;9.42257302813232;1378.0117190000001;SN-M-SN-6;SN;M;Snoheim
69.781036963686347;23.996971026062965;NA;jo_hi_sn_1;SN;M;Jotka
69.777637012302876;23.994220001623034;NA;jo_hi_sn_2;SN;M;Jotka
69.776221979409456;23.994354028254747;NA;jo_hi_sn_3;SN;M;Jotka
69.766501570120454;23.995467647910118;NA;jo_hi_sn_4;SN;M;Jotka
69.774281568825245;23.97708747535944;NA;jo_hi_sn_5;SN;M;Jotka
69.769248403608799;23.97904934361577;NA;jo_hi_sn_6;SN;M;Jotka
69.779784958809614;23.997062975540757;NA;jo_hi_we_1;HU;M;Jotka
69.777415981516242;23.997032968327403;NA;jo_hi_we_2;HU;M;Jotka
69.769227029755712;23.985236026346684;NA;jo_hi_we_3;HU;M;Jotka
69.767837980762124;23.987404005602002;NA;jo_hi_we_4;HU;M;Jotka
69.779195543378592;23.985358234494925;NA;jo_hi_we_5;HU;M;Jotka
69.767270861193538;23.969096420332789;NA;jo_hi_we_6;HU;M;Jotka
69.709835965186357;23.978908024728298;NA;jo_lo_he_1;HE;L;Jotka
69.715659040957689;23.96814901381731;NA;jo_lo_he_2;HE;L;Jotka
69.727791007608175;23.971495991572738;NA;jo_lo_he_3;HE;L;Jotka
69.72984398715198;23.968079024925828;NA;jo_lo_he_4;HE;L;Jotka
69.736040979623795;23.968263007700443;NA;jo_lo_he_5;HE;L;Jotka
69.711703537032008;23.972402159124613;NA;jo_lo_he_6;HE;L;Jotka
69.721939014270902;23.963108975440264;NA;jo_lo_hu_1;HU;L;Jotka
69.737571012228727;23.969697989523411;NA;jo_lo_hu_2;HU;L;Jotka
69.719059998169541;23.96791398525238;NA;jo_lo_hu_3;HU;L;Jotka
69.70930396579206;23.981485962867737;NA;jo_lo_hu_4;HU;L;Jotka
69.726819964125752;23.972034025937319;NA;jo_lo_hu_5;HU;L;Jotka
69.708505589514971;23.996860301122069;NA;jo_lo_sn_1;SN;L;Jotka
69.713152348995209;23.997052246704698;NA;jo_lo_sn_2;SN;L;Jotka
69.715803377330303;24.003115883097053;NA;jo_lo_sn_3;SN;L;Jotka
69.728542361408472;23.98574405349791;NA;jo_lo_sn_4;SN;L;Jotka
69.734570877626538;23.984911730512977;NA;jo_lo_sn_5;SN;L;Jotka
69.741923818364739;23.979551251977682;NA;jo_lo_sn_6;SN;L;Jotka
69.713796079158783;23.977119661867619;NA;jo_lo_we_6;HU;L;Jotka
70.313761979341507;30.102946003898978;194.004379;ko_hu_hu_1;HU;L;Komag
70.312613993883133;30.112117985263467;165.14830000000001;ko_hu_hu_2b;HU;L;Komag
70.309151010587811;30.133616980165243;151.79299900000001;ko_hu_hu_3b;HU;L;Komag
70.30558199621737;30.154266972094774;141.264557;ko_hu_hu_4;HU;L;Komag
70.303294993937016;30.162359029054642;133.23080400000001;ko_hu_hu_5;HU;L;Komag
70.317698959261179;30.10277995839715;NA;ko_hu_hu_6;HU;L;Komag
70.315450010821223;30.109292026609182;176.78488200000001;ko_hu_sn_1;SN;L;Komag
70.311246989294887;30.125930020585656;158.69575499999999;ko_hu_sn_2;SN;L;Komag
70.307307997718453;30.1403540186584;142.96940599999999;ko_hu_sn_3;SN;L;Komag
70.305335987359285;30.145879033952951;142.68727100000001;ko_hu_sn_4;SN;L;Komag
70.307920966297388;30.15883200801909;169.20115699999999;ko_hu_sn_5;SN;L;Komag
70.300055220723152;30.169109981507063;NA;ko_hu_sn_6;SN;L;Komag
70.333414021879435;30.068000005558133;271.98553500000003;ko_km_hf_a;HE;L;Komag
70.331393983215094;30.073729958385229;256.144409;ko_km_hf_b;HE;L;Komag
70.329184010624886;30.082085961475968;243.48126199999999;ko_km_hf_c;HE;L;Komag
70.327264973893762;30.087691023945808;248.06654399999999;ko_km_hf_d;HE;L;Komag
70.3238869830966;30.094466032460332;237.4254;ko_km_hf_e;HE;L;Komag
70.313800033181906;30.084633305668831;139.0352783203125;ko_km_hn_e;HE;L;Komag
70.392721015959978;29.990419959649444;NA;ko_ro_hu_1;HU;M;Komag
70.403807004913688;29.997680028900504;NA;ko_ro_hu_2;HU;M;Komag
70.391515027731657;30.027269991114736;NA;ko_ro_hu_3;HU;M;Komag
70.392390014603734;30.057073021307588;399.89760000000001;ko_ro_hu_4;HU;M;Komag
70.392643986269832;30.071610007435083;NA;ko_ro_hu_5;HU;M;Komag
70.388050032779574;30.064996015280485;NA;ko_ro_hu_6;HU;M;Komag
70.396499997004867;29.988924963399768;299.92320000000001;ko_ro_sn_1;SN;M;Komag
70.398239996284246;30.018709972500801;NA;ko_ro_sn_2;SN;M;Komag
70.393652999773622;30.040759993717074;NA;ko_ro_sn_3;SN;M;Komag
70.378259969875216;30.025527980178595;NA;ko_ro_sn_4;SN;M;Komag
70.38604399189353;30.026189982891083;NA;ko_ro_sn_5;SN;M;Komag
70.389131968840957;30.052129961550236;299.92320000000001;ko_ro_sn_6;SN;M;Komag
